NombreArchivo, NombreCiudad, SHA256Original, Firma Original, Nombre del Evento, SHA256Evento, Firma Evento, Verificación Integridad, Timestamp, Componente, Veredicto, Apariciones, Padre
hashes.sh, Mexico, aefd2c7b42e0db1b64128d4aba3ceaf1a4b22068b2a6e19dfb13b8271cc6a149, OK, S2-Intermedio y S2-Inicial, aefd2c7b42e0db1b64128d4aba3ceaf1a4b22068b2a6e19dfb13b8271cc6a149, OK, SI, 2023-04-20 17:13:56
hashes_inventario.txt, Mexico, a1c4ddc1dd62fc9be5a8a127f756c6cc0718b95d719a0abc7d47705a59178f73, OK, S2-Intermedio y S2-Inicial, 86f5eadb52da8b7214970e5b28918bbce928d2906832beb663cc4d180b368b51, OK, NO, 2023-04-20 17:13:56
/var/lib/tivi-controller/prbintlpi04-bulletin/shared/tivi-collector.json, Mexico, 4ecbddbcba419116d8950e2afadc24f4409bd08c1110412c4549f9facd5ea8f5, OK, S2-Intermedio y S2-Inicial, 4ecbddbcba419116d8950e2afadc24f4409bd08c1110412c4549f9facd5ea8f5, OK, NO, 2023-04-20 17:13:56, File, El conteo de hash no coincide. El hash se repite 2 en el archivo original y 5 en el archivo del evento., 2, hashes_inventario.txt
/var/lib/tivi-controller/openingacttest-bulletin/etc/ssl/private/etcd-ca.pem, Mexico, 4647cb439fbe3a58ebe40f085c7d80694fd5cf01a58ad0a15933ba2f66930ff8, OK, S2-Intermedio y S2-Inicial, 4647cb439fbe3a58ebe40f085c7d80694fd5cf01a58ad0a15933ba2f66930ff8, OK, NO, 2023-04-20 17:13:56, File, El conteo de hash no coincide. El hash se repite 314 en el archivo original y 326 en el archivo del evento., 314, hashes_inventario.txt
/var/lib/tivi-controller/devtest423-bulletin/shared/client-certificates.crt, Mexico, 5e71692ee1b1a812f68d2633c644bf25c81844c67bb01b0cc4a9f8b45d4394fe, OK, S2-Intermedio y S2-Inicial, 5e71692ee1b1a812f68d2633c644bf25c81844c67bb01b0cc4a9f8b45d4394fe, OK, NO, 2023-04-20 17:13:56, File, El conteo de hash no coincide. El hash se repite 95 en el archivo original y 107 en el archivo del evento., 95, hashes_inventario.txt
/var/lib/tivi-controller/prbintlpi03/shared/tivi-collector.json, Mexico, fcddde0821edde768d73a5be2a69d55ff343de2f1e5d622a84286f3afa035e53, OK, S2-Intermedio y S2-Inicial, fcddde0821edde768d73a5be2a69d55ff343de2f1e5d622a84286f3afa035e53, OK, NO, 2023-04-20 17:13:56, File, El conteo de hash no coincide. El hash se repite 2 en el archivo original y 10 en el archivo del evento., 2, hashes_inventario.txt
/var/lib/tivi-controller/prbintlpi02/shared/tivi-voteapp.json, Mexico, 0dc8de0ebbd67c1acf20f9904a584cbbd44e09b53a59ba9f4238b80f7f19ce89, OK, S2-Intermedio y S2-Inicial, 0dc8de0ebbd67c1acf20f9904a584cbbd44e09b53a59ba9f4238b80f7f19ce89, OK, NO, 2023-04-20 17:13:56, File, El conteo de hash no coincide. El hash se repite 2 en el archivo original y 11 en el archivo del evento., 2, hashes_inventario.txt
/var/lib/tivi-controller/prbintlpi03/shared/copy_tivi-voteapp_230214b.html, Mexico, 01bbc6e4b97f3312c6ea48b254ea9757bbb3b528e7d743c638b71bec91437a02, OK, S2-Intermedio y S2-Inicial, 01bbc6e4b97f3312c6ea48b254ea9757bbb3b528e7d743c638b71bec91437a02, OK, NO, 2023-04-20 17:13:56, File, El conteo de hash no coincide. El hash se repite 6 en el archivo original y 30 en el archivo del evento., 6, hashes_inventario.txt
/usr/bin/honeybee-cls, Mexico, 5317a44345ff3b4b4749d213bb8c83b70bee90202eec680db1b0bc775c060a14, OK, S2-Intermedio y S2-Inicial, 5317a44345ff3b4b4749d213bb8c83b70bee90202eec680db1b0bc775c060a14, OK, NO, 2023-04-20 17:13:56, ContainerFile, El conteo de hash no coincide. El hash se repite 144 en el archivo original y 252 en el archivo del evento., 144, hashes_inventario.txt
/var/lib/tivi-controller/prbintlpi02/shared/tivi-voteapp.html, Mexico, 3f919e0d4560b253a3bb5574ccb98ec1dbf0f46041c542cf79960ff8fdd14462, OK, S2-Intermedio y S2-Inicial, 3f919e0d4560b253a3bb5574ccb98ec1dbf0f46041c542cf79960ff8fdd14462, OK, NO, 2023-04-20 17:13:56, File, El conteo de hash no coincide. El hash se repite 6 en el archivo original y 33 en el archivo del evento., 6, hashes_inventario.txt
/usr/bin/honeybee-messente, Mexico, de87ff526f74e1bb943667563129201fa40ba1b8c0d7ed0cd6736633c99d1043, OK, S2-Intermedio y S2-Inicial, de87ff526f74e1bb943667563129201fa40ba1b8c0d7ed0cd6736633c99d1043, OK, NO, 2023-04-20 17:13:56, ContainerFile, El conteo de hash no coincide. El hash se repite 144 en el archivo original y 252 en el archivo del evento., 144, hashes_inventario.txt
/var/lib/tivi-controller/prbintlpi03/shared/tivi-voteapp.json, Mexico, ef56dacaf1f5901f3524f64c70fdad23b06fac58a84049b2933f6bcc79d4be83, OK, S2-Intermedio y S2-Inicial, ef56dacaf1f5901f3524f64c70fdad23b06fac58a84049b2933f6bcc79d4be83, OK, NO, 2023-04-20 17:13:56, File, El conteo de hash no coincide. El hash se repite 2 en el archivo original y 11 en el archivo del evento., 2, hashes_inventario.txt
/usr/bin/honeybee-processor, Mexico, 3d7e0a60cf2931358730404dd6a0ed4a54a2004124b66f7875dd5b62ed0a3339, OK, S2-Intermedio y S2-Inicial, 3d7e0a60cf2931358730404dd6a0ed4a54a2004124b66f7875dd5b62ed0a3339, OK, NO, 2023-04-20 17:13:56, ContainerFile, El conteo de hash no coincide. El hash se repite 144 en el archivo original y 252 en el archivo del evento., 144, hashes_inventario.txt
/var/lib/tivi-controller/prbintlpi04/shared/tivi-collector.json, Mexico, 5efc63f0454450bb11f4195044ac029b25734b02dc512d3e752256ba6cb39542, OK, S2-Intermedio y S2-Inicial, 5efc63f0454450bb11f4195044ac029b25734b02dc512d3e752256ba6cb39542, OK, NO, 2023-04-20 17:13:56, File, El conteo de hash no coincide. El hash se repite 2 en el archivo original y 10 en el archivo del evento., 2, hashes_inventario.txt
/var/lib/tivi-controller/devtestremap2/etc/ssl/private/client-fullchain.pem, Mexico, 2c3ceac1505348eeb40594b8398ad7161cac9e80debc2446705eae3c0ce73ec9, OK, S2-Intermedio y S2-Inicial, 2c3ceac1505348eeb40594b8398ad7161cac9e80debc2446705eae3c0ce73ec9, OK, NO, 2023-04-20 17:13:56, File, El conteo de hash no coincide. El hash se repite 89 en el archivo original y 93 en el archivo del evento., 89, hashes_inventario.txt
/var/lib/tivi-controller/devtestremap2/etc/ssl/private/wildcard-fullchain.pem, Mexico, 69c73525d13e475bb239aad2d50e13e489ad06928472287d675537b6b3e7ec3a, OK, S2-Intermedio y S2-Inicial, 69c73525d13e475bb239aad2d50e13e489ad06928472287d675537b6b3e7ec3a, OK, NO, 2023-04-20 17:13:56, File, El conteo de hash no coincide. El hash se repite 89 en el archivo original y 93 en el archivo del evento., 89, hashes_inventario.txt
/var/lib/tivi-controller/devtestremap2/etc/ssl/private/wildcard-privkey.pem, Mexico, c31565254588d4a729762f90a0f55df015c222993863fa3e277b890bfc39c223, OK, S2-Intermedio y S2-Inicial, c31565254588d4a729762f90a0f55df015c222993863fa3e277b890bfc39c223, OK, NO, 2023-04-20 17:13:56, File, El conteo de hash no coincide. El hash se repite 89 en el archivo original y 93 en el archivo del evento., 89, hashes_inventario.txt
/var/lib/tivi-controller/devtestremap2/etc/ssl/private/client-fullchain.pem, Mexico, 8bfe67c0b35cb1dd4e02cd6002dfb7b11eb24297fc79a1aab47b454db5f26701, OK, S2-Intermedio y S2-Inicial, 8bfe67c0b35cb1dd4e02cd6002dfb7b11eb24297fc79a1aab47b454db5f26701, OK, NO, 2023-04-20 17:13:56, File, El conteo de hash no coincide. El hash se repite 89 en el archivo original y 93 en el archivo del evento., 89, hashes_inventario.txt
/var/lib/tivi-controller/devtestremap2/etc/ssl/private/etcd-privkey.pem, Mexico, f38dec2af667303966f003d25dd682f9ae25466b7bbc0dede570e3b1762f4115, OK, S2-Intermedio y S2-Inicial, f38dec2af667303966f003d25dd682f9ae25466b7bbc0dede570e3b1762f4115, OK, NO, 2023-04-20 17:13:56, File, El conteo de hash no coincide. El hash se repite 89 en el archivo original y 93 en el archivo del evento., 89, hashes_inventario.txt
/var/lib/tivi-controller/prbintlpi01/shared/tivi-voteapp.html, Mexico, c6da7fbeb61e37b2c98d636811138e5734bcdd08e01f2e6524e4628b2f99eede, OK, S2-Intermedio y S2-Inicial, c6da7fbeb61e37b2c98d636811138e5734bcdd08e01f2e6524e4628b2f99eede, OK, NO, 2023-04-20 17:13:56, File, El conteo de hash no coincide. El hash se repite 6 en el archivo original y 33 en el archivo del evento., 6, hashes_inventario.txt
/var/lib/tivi-controller/openingacttest-bulletin/var/www/html/assets/election/elections-conf.json, Mexico, 0a8ce9dabd349401ebc19697bfcd681dd9fc00a006377df36ee10695e9ecdd44, OK, S2-Intermedio y S2-Inicial, 0a8ce9dabd349401ebc19697bfcd681dd9fc00a006377df36ee10695e9ecdd44, OK, NO, 2023-04-20 17:13:56, File, El conteo de hash no coincide. El hash se repite 71 en el archivo original y 59 en el archivo del evento., 71, hashes_inventario.txt
/var/lib/tivi-controller/prbintlpi02/shared/tivi-voteapp.json, Mexico, f6ef68c67d1b170a4b013ddf7e2b1b702887212c42f25a822675ab87df543ecf, OK, S2-Intermedio y S2-Inicial, f6ef68c67d1b170a4b013ddf7e2b1b702887212c42f25a822675ab87df543ecf, OK, NO, 2023-04-20 17:13:56, File, El conteo de hash no coincide. El hash se repite 2 en el archivo original y 11 en el archivo del evento., 2, hashes_inventario.txt
/var/lib/tivi-controller/devtestremap2/etc/ssl/private/etcd-fullchain.pem, Mexico, 223c4e85995af985e84c383937222e4196975330dec4c3ecd7bca7721a8e4d48, OK, S2-Intermedio y S2-Inicial, 223c4e85995af985e84c383937222e4196975330dec4c3ecd7bca7721a8e4d48, OK, NO, 2023-04-20 17:13:56, File, El conteo de hash no coincide. El hash se repite 89 en el archivo original y 93 en el archivo del evento., 89, hashes_inventario.txt
/var/lib/tivi-controller/prbintlpi01/shared/tivi-collector.json, Mexico, 280375a4bc59d8097bbabbd511f125eda7650901fb31f2e5af1a0257999f3d27, OK, S2-Intermedio y S2-Inicial, 280375a4bc59d8097bbabbd511f125eda7650901fb31f2e5af1a0257999f3d27, OK, NO, 2023-04-20 17:13:56, File, El conteo de hash no coincide. El hash se repite 2 en el archivo original y 10 en el archivo del evento., 2, hashes_inventario.txt
/var/lib/tivi-controller/prbintlpi04/shared/tivi-collector.json, Mexico, 2cbf1d33f9217f035a37dca7e1ff98cd0143658bfd10b95a14ef58dbb1a298f9, OK, S2-Intermedio y S2-Inicial, 2cbf1d33f9217f035a37dca7e1ff98cd0143658bfd10b95a14ef58dbb1a298f9, OK, NO, 2023-04-20 17:13:56, File, El conteo de hash no coincide. El hash se repite 2 en el archivo original y 10 en el archivo del evento., 2, hashes_inventario.txt
/opt/keycloak-18.0.0/data/h2/keycloakdb.mv.db, Mexico, 9808890873a59c7d5143477a3e65f33de385c11b4a8afac7a2be738a6026486f, OK, S2-Intermedio y S2-Inicial, ace25f78ebbd81b225b1c78e3261c4cfe7f2ef860604287da9b1079c19408ce3, OK, NO, 2023-04-20 17:13:56, Database, los hash no coinciden., 1, hashes_inventario.txt
/var/lib/tivi-controller/prbintlpi02/shared/copy_tivi-voteapp_230214b.html, Mexico, cc30c646db845c558e08427f7d58267a864291207159377ce0497615d4646f11, OK, S2-Intermedio y S2-Inicial, cc30c646db845c558e08427f7d58267a864291207159377ce0497615d4646f11, OK, NO, 2023-04-20 17:13:56, File, El conteo de hash no coincide. El hash se repite 6 en el archivo original y 30 en el archivo del evento., 6, hashes_inventario.txt
/usr/bin/honeybee-storage, Mexico, 5ef5c7542e8a4898db2b2daa2859a6dfb005e0ad7c252954b918203348c2e9c1, OK, S2-Intermedio y S2-Inicial, 5ef5c7542e8a4898db2b2daa2859a6dfb005e0ad7c252954b918203348c2e9c1, OK, NO, 2023-04-20 17:13:56, ContainerFile, El conteo de hash no coincide. El hash se repite 144 en el archivo original y 252 en el archivo del evento., 144, hashes_inventario.txt
/var/lib/tivi-controller/prbintlpi01/shared/tivi-voteapp.json, Mexico, 0b8e591640a7eb7084a489a772193a9d6494849de78eba85c52632bef2467179, OK, S2-Intermedio y S2-Inicial, 0b8e591640a7eb7084a489a772193a9d6494849de78eba85c52632bef2467179, OK, NO, 2023-04-20 17:13:56, File, El conteo de hash no coincide. El hash se repite 2 en el archivo original y 11 en el archivo del evento., 2, hashes_inventario.txt
/var/lib/tivi-controller/prbintlpi03/shared/tivi-collector.json, Mexico, d5bb9a75dd29f71c5b0ec5ad0569de6d582604802e04d4dca90d3c3bc3324eb3, OK, S2-Intermedio y S2-Inicial, d5bb9a75dd29f71c5b0ec5ad0569de6d582604802e04d4dca90d3c3bc3324eb3, OK, NO, 2023-04-20 17:13:56, File, El conteo de hash no coincide. El hash se repite 2 en el archivo original y 10 en el archivo del evento., 2, hashes_inventario.txt
/etc/haproxy/haproxy.cfg, Mexico, 60191c62c9012267bbc6d9c9cd88d0f049baa071a9cc889500464a7449435aee, OK, S2-Intermedio y S2-Inicial, 4515510b09dc43f3a8b2f68630f4bb1e091452cbc323dae216edc57ce460ec10, OK, NO, 2023-04-20 17:13:56, File, los hash no coinciden., 1, hashes_inventario.txt
/var/lib/tivi-controller/prbintlpi01/shared/copy_tivi-voteapp_2301c.html, Mexico, 673297264998596000d9c680bd544afc49a0f6d3c1112105786f030e6f858fe5, OK, S2-Intermedio y S2-Inicial, 673297264998596000d9c680bd544afc49a0f6d3c1112105786f030e6f858fe5, OK, NO, 2023-04-20 17:13:56, File, El conteo de hash no coincide. El hash se repite 6 en el archivo original y 30 en el archivo del evento., 6, hashes_inventario.txt
/var/lib/tivi-controller/prbintlpi01/shared/tivi-collector.json, Mexico, bd21ba706770567cdf7742859c6e08654ccc367b552a944dbfd699a924c6be40, OK, S2-Intermedio y S2-Inicial, bd21ba706770567cdf7742859c6e08654ccc367b552a944dbfd699a924c6be40, OK, NO, 2023-04-20 17:13:56, File, El conteo de hash no coincide. El hash se repite 2 en el archivo original y 10 en el archivo del evento., 2, hashes_inventario.txt
/usr/bin/honeybee-onekey-server, Mexico, f12835ec377b0c3ea99a9d39f29fea57a064fb6c84ba38580d290db8137ba786, OK, S2-Intermedio y S2-Inicial, f12835ec377b0c3ea99a9d39f29fea57a064fb6c84ba38580d290db8137ba786, OK, NO, 2023-04-20 17:13:56, ContainerFile, El conteo de hash no coincide. El hash se repite 144 en el archivo original y 252 en el archivo del evento., 144, hashes_inventario.txt
/var/lib/tivi-controller/devtestremap2/etc/ssl/private/wildcard-privkey.pem, Mexico, fcdc2416d11f72730a08f0cd91f979bf686dca3010e2a8d56075bc2e439bc43f, OK, S2-Intermedio y S2-Inicial, fcdc2416d11f72730a08f0cd91f979bf686dca3010e2a8d56075bc2e439bc43f, OK, NO, 2023-04-20 17:13:56, File, El conteo de hash no coincide. El hash se repite 89 en el archivo original y 93 en el archivo del evento., 89, hashes_inventario.txt
/var/lib/tivi-controller/openingacttest-bulletin/etc/ssl/private/wildcard-fullchain.pem, Mexico, 7aa436e152631db9352ca39d713514bb3b3359f3e8504538ed92ffff9b5ea121, OK, S2-Intermedio y S2-Inicial, 7aa436e152631db9352ca39d713514bb3b3359f3e8504538ed92ffff9b5ea121, OK, NO, 2023-04-20 17:13:56, File, El conteo de hash no coincide. El hash se repite 136 en el archivo original y 140 en el archivo del evento., 136, hashes_inventario.txt
/var/lib/tivi-controller/prbintlpi02/shared/tivi-collector.json, Mexico, e27db712e9a90be5666c27ab7cb07b07771f09988f1f5a3f7a953d2b1f47b9bb, OK, S2-Intermedio y S2-Inicial, e27db712e9a90be5666c27ab7cb07b07771f09988f1f5a3f7a953d2b1f47b9bb, OK, NO, 2023-04-20 17:13:56, File, El conteo de hash no coincide. El hash se repite 2 en el archivo original y 10 en el archivo del evento., 2, hashes_inventario.txt
/usr/bin/honeybee-forwarding, Mexico, f6b26b0449ccd5b72cab5b720cddd5f3767c78a41a4030327704386e5fc2344d, OK, S2-Intermedio y S2-Inicial, f6b26b0449ccd5b72cab5b720cddd5f3767c78a41a4030327704386e5fc2344d, OK, NO, 2023-04-20 17:13:56, ContainerFile, El conteo de hash no coincide. El hash se repite 144 en el archivo original y 252 en el archivo del evento., 144, hashes_inventario.txt
/var/lib/tivi-controller/segsnltest12-1/var/lib/hb/3pm4xlcpbpgbnte0/storage/member/wal/0.tmp, Mexico, dbcb3a959f7dba70347a2e6f528f421c67701b8ed5dbed575ff22f6eb4fb94b7, OK, S2-Intermedio y S2-Inicial, dbcb3a959f7dba70347a2e6f528f421c67701b8ed5dbed575ff22f6eb4fb94b7, OK, NO, 2023-04-20 17:13:56, File, El conteo de hash no coincide. El hash se repite 120 en el archivo original y 132 en el archivo del evento., 120, hashes_inventario.txt
/var/lib/tivi-console/data.db, Mexico, f8d6b3afa66c27044189b00a358b5bd6c44c545e85bcd5604843e976e1d944d4, OK, S2-Intermedio y S2-Inicial, ba0d855ad3448eba165c9bd78a35951d8315b47f46d3bf9c7f3ee8ae2caa2541, OK, NO, 2023-04-20 17:13:56, Database, los hash no coinciden., 1, hashes_inventario.txt
/var/lib/tivi-controller/prbintlpi01/shared/copy_tivi-voteapp_230214b.html, Mexico, 8bf1049bc9f907c24ac69a90106db0d1f9b0327159c4b0a93e367fa0ee00d79c, OK, S2-Intermedio y S2-Inicial, 8bf1049bc9f907c24ac69a90106db0d1f9b0327159c4b0a93e367fa0ee00d79c, OK, NO, 2023-04-20 17:13:56, File, El conteo de hash no coincide. El hash se repite 6 en el archivo original y 30 en el archivo del evento., 6, hashes_inventario.txt
/var/lib/tivi-controller/prbintlpi03/shared/tivi-voteapp.json, Mexico, f4da7bdc8c3668e473334d06adfbc61c5c2e05424250b049c7b23412dcbae48f, OK, S2-Intermedio y S2-Inicial, f4da7bdc8c3668e473334d06adfbc61c5c2e05424250b049c7b23412dcbae48f, OK, NO, 2023-04-20 17:13:56, File, El conteo de hash no coincide. El hash se repite 2 en el archivo original y 11 en el archivo del evento., 2, hashes_inventario.txt
/var/lib/tivi-controller/segsnltest12-1/var/lib/hb/hlf/wallet/admin.id, Mexico, cd9b438fc58f8577d48e4b4d48b44219103da479753c2fab873baf5db4f9f85f, OK, S2-Intermedio y S2-Inicial, cd9b438fc58f8577d48e4b4d48b44219103da479753c2fab873baf5db4f9f85f, OK, NO, 2023-04-20 17:13:56, File, El conteo de hash no coincide. El hash se repite 119 en el archivo original y 131 en el archivo del evento., 119, hashes_inventario.txt
/var/lib/tivi-controller/prbintlpi02-bulletin/shared/tivi-collector.json, Mexico, 1b97f9e3f8229da2372c5517cd1762d337780623e45c958368cddb195244aba3, OK, S2-Intermedio y S2-Inicial, 1b97f9e3f8229da2372c5517cd1762d337780623e45c958368cddb195244aba3, OK, NO, 2023-04-20 17:13:56, File, El conteo de hash no coincide. El hash se repite 2 en el archivo original y 5 en el archivo del evento., 2, hashes_inventario.txt
/var/lib/tivi-controller/prbintlpi01-bulletin/shared/tivi-collector.json, Mexico, 7d98112c85e72d5daf9b662d87061f98586754ca1ab08a3e4afc3d82e1f8195f, OK, S2-Intermedio y S2-Inicial, 7d98112c85e72d5daf9b662d87061f98586754ca1ab08a3e4afc3d82e1f8195f, OK, NO, 2023-04-20 17:13:56, File, El conteo de hash no coincide. El hash se repite 2 en el archivo original y 5 en el archivo del evento., 2, hashes_inventario.txt
/usr/bin/honeybee-exporter, Mexico, 12d87d4afca2d47da98c1a7491a7b181d7a2a7bbcc143612dacb1e584a7d84dd, OK, S2-Intermedio y S2-Inicial, 12d87d4afca2d47da98c1a7491a7b181d7a2a7bbcc143612dacb1e584a7d84dd, OK, NO, 2023-04-20 17:13:56, ContainerFile, El conteo de hash no coincide. El hash se repite 144 en el archivo original y 252 en el archivo del evento., 144, hashes_inventario.txt
/var/lib/tivi-controller/prbintlpi04/shared/copy_tivi-voteapp_230214b.html, Mexico, 7f0dd3905ef88bbec68456757fd55be7d050f99f0a96d2cb18548b0eed78c1e9, OK, S2-Intermedio y S2-Inicial, 7f0dd3905ef88bbec68456757fd55be7d050f99f0a96d2cb18548b0eed78c1e9, OK, NO, 2023-04-20 17:13:56, File, El conteo de hash no coincide. El hash se repite 6 en el archivo original y 30 en el archivo del evento., 6, hashes_inventario.txt
/etc/haproxy/haproxy.cfg, Mexico, dd7ab76453467b6afa3ec484ccf63fe9fd3d62ca20e91b5ef59079d9e3d5ac34, OK, S2-Intermedio y S2-Inicial, 4515510b09dc43f3a8b2f68630f4bb1e091452cbc323dae216edc57ce460ec10, OK, NO, 2023-04-20 17:13:56, File, los hash no coinciden., 1, hashes_inventario.txt
/usr/bin/honeybee-zero-updater, Mexico, 5ec9ffa983f5adb6dc999c6001332220e8d29523da00f41f7d9efddce0af79a5, OK, S2-Intermedio y S2-Inicial, 5ec9ffa983f5adb6dc999c6001332220e8d29523da00f41f7d9efddce0af79a5, OK, NO, 2023-04-20 17:13:56, ContainerFile, El conteo de hash no coincide. El hash se repite 144 en el archivo original y 252 en el archivo del evento., 144, hashes_inventario.txt
/var/lib/tivi-controller/prbintlpi04/shared/tivi-voteapp.json, Mexico, 85ed8101109426caca506f923a177a3fdf28fa435a6df761edc2bfc286195fb3, OK, S2-Intermedio y S2-Inicial, 85ed8101109426caca506f923a177a3fdf28fa435a6df761edc2bfc286195fb3, OK, NO, 2023-04-20 17:13:56, File, El conteo de hash no coincide. El hash se repite 2 en el archivo original y 11 en el archivo del evento., 2, hashes_inventario.txt
/var/lib/tivi-controller/prbintlpi04/shared/tivi-voteapp.json, Mexico, 7b6d6038580af17c1d66095dd153f4a6319f16641ce9a7975de973e86a947143, OK, S2-Intermedio y S2-Inicial, 7b6d6038580af17c1d66095dd153f4a6319f16641ce9a7975de973e86a947143, OK, NO, 2023-04-20 17:13:56, File, El conteo de hash no coincide. El hash se repite 2 en el archivo original y 11 en el archivo del evento., 2, hashes_inventario.txt
/usr/bin/honeybee-session, Mexico, 17f76bf7a829bb612f88aac7985437fc901d782a39e26ca13ebede4409b09ee7, OK, S2-Intermedio y S2-Inicial, 17f76bf7a829bb612f88aac7985437fc901d782a39e26ca13ebede4409b09ee7, OK, NO, 2023-04-20 17:13:56, ContainerFile, El conteo de hash no coincide. El hash se repite 144 en el archivo original y 252 en el archivo del evento., 144, hashes_inventario.txt
/var/lib/tivi-controller/prbintlpi04/shared/tivi-voteapp.html, Mexico, b6088cfb06bfc45fb3f24de5baca88e0cfa1b970ed7769ebe8d0ff31c838bb74, OK, S2-Intermedio y S2-Inicial, b6088cfb06bfc45fb3f24de5baca88e0cfa1b970ed7769ebe8d0ff31c838bb74, OK, NO, 2023-04-20 17:13:56, File, El conteo de hash no coincide. El hash se repite 6 en el archivo original y 33 en el archivo del evento., 6, hashes_inventario.txt
/var/lib/tivi-controller/prbintlpi01/shared/tivi-voteapp.json, Mexico, 659f93e8aebe2ee74fc5d4e29cdb384f448b8c67b5ed559fea2b292dd772be25, OK, S2-Intermedio y S2-Inicial, 659f93e8aebe2ee74fc5d4e29cdb384f448b8c67b5ed559fea2b292dd772be25, OK, NO, 2023-04-20 17:13:56, File, El conteo de hash no coincide. El hash se repite 2 en el archivo original y 11 en el archivo del evento., 2, hashes_inventario.txt
/var/lib/tivi-controller/devtestremap2/etc/ssl/private/etcd-privkey.pem, Mexico, ea7341e40eb47c14cae1d7cb53c23e27eb48b7f2deea6386d9a21eb70a105522, OK, S2-Intermedio y S2-Inicial, ea7341e40eb47c14cae1d7cb53c23e27eb48b7f2deea6386d9a21eb70a105522, OK, NO, 2023-04-20 17:13:56, File, El conteo de hash no coincide. El hash se repite 89 en el archivo original y 93 en el archivo del evento., 89, hashes_inventario.txt
/var/lib/tivi-controller/prbintlpi03/shared/tivi-collector.json, Mexico, 3cc61e6b08850b1a6b2efc81f9cd1ae1eeb59cd5c659b5c83bc6ea31c2459fcf, OK, S2-Intermedio y S2-Inicial, 3cc61e6b08850b1a6b2efc81f9cd1ae1eeb59cd5c659b5c83bc6ea31c2459fcf, OK, NO, 2023-04-20 17:13:56, File, El conteo de hash no coincide. El hash se repite 2 en el archivo original y 10 en el archivo del evento., 2, hashes_inventario.txt
/var/lib/tivi-controller/openingacttest-bulletin/etc/ssl/private/client-fullchain.pem, Mexico, c8350eebea383dc22090d4fd623dd49b5b2b8149e6f03c0d0f73bffcf5ee3b46, OK, S2-Intermedio y S2-Inicial, c8350eebea383dc22090d4fd623dd49b5b2b8149e6f03c0d0f73bffcf5ee3b46, OK, NO, 2023-04-20 17:13:56, File, El conteo de hash no coincide. El hash se repite 136 en el archivo original y 140 en el archivo del evento., 136, hashes_inventario.txt
/var/lib/tivi-controller/openingacttest-bulletin/etc/ssl/private/etcd-privkey.pem, Mexico, 6c78e8dce97879a30674e92e16d0a6ecc76e07e9bd34e72f43ed445fef7257a6, OK, S2-Intermedio y S2-Inicial, 6c78e8dce97879a30674e92e16d0a6ecc76e07e9bd34e72f43ed445fef7257a6, OK, NO, 2023-04-20 17:13:56, File, El conteo de hash no coincide. El hash se repite 136 en el archivo original y 140 en el archivo del evento., 136, hashes_inventario.txt
/var/lib/tivi-controller/openingacttest-bulletin/etc/ssl/private/etcd-fullchain.pem, Mexico, 4f4f390931e92dab9983def979c87d05560163e019ecd4976dc58214ec84e0d5, OK, S2-Intermedio y S2-Inicial, 4f4f390931e92dab9983def979c87d05560163e019ecd4976dc58214ec84e0d5, OK, NO, 2023-04-20 17:13:56, File, El conteo de hash no coincide. El hash se repite 136 en el archivo original y 140 en el archivo del evento., 136, hashes_inventario.txt
/var/lib/tivi-controller/prbintlpi02/shared/copy_tivi-voteapp_2301c.html, Mexico, d8cd94c7e7980e7c9c77a64dfd6b1a97c97b8dfd43a0ca26239e197c075b3a2e, OK, S2-Intermedio y S2-Inicial, d8cd94c7e7980e7c9c77a64dfd6b1a97c97b8dfd43a0ca26239e197c075b3a2e, OK, NO, 2023-04-20 17:13:56, File, El conteo de hash no coincide. El hash se repite 6 en el archivo original y 30 en el archivo del evento., 6, hashes_inventario.txt
/usr/bin/honeybee-voteapp-cli, Mexico, 0031b21c9f529576f490cac69897900c490b9266346f4322b3842bc0ddb18e3d, OK, S2-Intermedio y S2-Inicial, 0031b21c9f529576f490cac69897900c490b9266346f4322b3842bc0ddb18e3d, OK, NO, 2023-04-20 17:13:56, ContainerFile, El conteo de hash no coincide. El hash se repite 144 en el archivo original y 252 en el archivo del evento., 144, hashes_inventario.txt
/var/lib/tivi-controller/prbintlpi02/shared/tivi-collector.json, Mexico, f14e6b9c2abe67342fbb82b178a96f80f932c534fb43b557f6c575503455ae6a, OK, S2-Intermedio y S2-Inicial, f14e6b9c2abe67342fbb82b178a96f80f932c534fb43b557f6c575503455ae6a, OK, NO, 2023-04-20 17:13:56, File, El conteo de hash no coincide. El hash se repite 2 en el archivo original y 10 en el archivo del evento., 2, hashes_inventario.txt
/var/lib/tivi-controller/openingacttest-bulletin/etc/ssl/private/wildcard-privkey.pem, Mexico, 15c969787e1f2a51415f922b332f969fcb86be424c396a990a0e5018d3e38dea, OK, S2-Intermedio y S2-Inicial, 15c969787e1f2a51415f922b332f969fcb86be424c396a990a0e5018d3e38dea, OK, NO, 2023-04-20 17:13:56, File, El conteo de hash no coincide. El hash se repite 136 en el archivo original y 140 en el archivo del evento., 136, hashes_inventario.txt
/var/lib/tivi-controller/prbintlpi01/shared/tivi-collector.json, Mexico, 6e345c6b99dfd3ca91a810a1b347be41b545e0dd778243e5633069ad167b6304, OK, S2-Intermedio y S2-Inicial, 6e345c6b99dfd3ca91a810a1b347be41b545e0dd778243e5633069ad167b6304, OK, NO, 2023-04-20 17:13:56, File, El conteo de hash no coincide. El hash se repite 2 en el archivo original y 10 en el archivo del evento., 2, hashes_inventario.txt
/var/lib/tivi-controller/prbintlpi03/shared/copy_tivi-voteapp_2301c.html, Mexico, b381e50ed8ff02577e21b3d09582c366ae4435abefec627f89bc1cbb48a13aa5, OK, S2-Intermedio y S2-Inicial, b381e50ed8ff02577e21b3d09582c366ae4435abefec627f89bc1cbb48a13aa5, OK, NO, 2023-04-20 17:13:56, File, El conteo de hash no coincide. El hash se repite 6 en el archivo original y 30 en el archivo del evento., 6, hashes_inventario.txt
/usr/bin/honeybee-onekey-apbb, Mexico, 0ae754ebab1f57b1905331d77d92b64433c116e2e967a6a9ed047aae65cf19dd, OK, S2-Intermedio y S2-Inicial, 0ae754ebab1f57b1905331d77d92b64433c116e2e967a6a9ed047aae65cf19dd, OK, NO, 2023-04-20 17:13:56, ContainerFile, El conteo de hash no coincide. El hash se repite 144 en el archivo original y 252 en el archivo del evento., 144, hashes_inventario.txt
/usr/bin/honeybee-clsigner, Mexico, 656d97b9bfa0421c27a61e34b997f01e63df52a0d8bc9d16ea2a91233ca7454b, OK, S2-Intermedio y S2-Inicial, 656d97b9bfa0421c27a61e34b997f01e63df52a0d8bc9d16ea2a91233ca7454b, OK, NO, 2023-04-20 17:13:56, ContainerFile, El conteo de hash no coincide. El hash se repite 144 en el archivo original y 252 en el archivo del evento., 144, hashes_inventario.txt
/var/lib/tivi-controller/devtestremap2/etc/ssl/private/etcd-fullchain.pem, Mexico, b24bddb952c720c1bd47fc4f1f08b1dec65353384aec903130e1bf515dd53817, OK, S2-Intermedio y S2-Inicial, b24bddb952c720c1bd47fc4f1f08b1dec65353384aec903130e1bf515dd53817, OK, NO, 2023-04-20 17:13:56, File, El conteo de hash no coincide. El hash se repite 89 en el archivo original y 93 en el archivo del evento., 89, hashes_inventario.txt
/var/lib/tivi-controller/devtestremap2/etc/ssl/private/wildcard-fullchain.pem, Mexico, 9435712226f8bdb62354158442212e6d8c944a1212d61378d5d0d3163d530c1c, OK, S2-Intermedio y S2-Inicial, 9435712226f8bdb62354158442212e6d8c944a1212d61378d5d0d3163d530c1c, OK, NO, 2023-04-20 17:13:56, File, El conteo de hash no coincide. El hash se repite 89 en el archivo original y 93 en el archivo del evento., 89, hashes_inventario.txt
/var/lib/tivi-controller/prbintlpi03/shared/tivi-voteapp.json, Mexico, 87cc447a4508bc0fc2cba05ae0196d6e3ff49d213140d65ae1b6f058f5b5e20e, OK, S2-Intermedio y S2-Inicial, 87cc447a4508bc0fc2cba05ae0196d6e3ff49d213140d65ae1b6f058f5b5e20e, OK, NO, 2023-04-20 17:13:56, File, El conteo de hash no coincide. El hash se repite 2 en el archivo original y 11 en el archivo del evento., 2, hashes_inventario.txt
/usr/bin/honeybee-zero, Mexico, ec7eb996ba6bd8c163aff6e9a10ff420edfb1bac164c51d4849b7e0d01a96ff0, OK, S2-Intermedio y S2-Inicial, ec7eb996ba6bd8c163aff6e9a10ff420edfb1bac164c51d4849b7e0d01a96ff0, OK, NO, 2023-04-20 17:13:56, ContainerFile, El conteo de hash no coincide. El hash se repite 144 en el archivo original y 252 en el archivo del evento., 144, hashes_inventario.txt
/var/lib/tivi-controller/prbintlpi03/shared/tivi-voteapp.html, Mexico, 1e10ebe8ab719aeb192ffdaf27c1bffa486c967ac4d6fc3c98dc52dff70fb7db, OK, S2-Intermedio y S2-Inicial, 1e10ebe8ab719aeb192ffdaf27c1bffa486c967ac4d6fc3c98dc52dff70fb7db, OK, NO, 2023-04-20 17:13:56, File, El conteo de hash no coincide. El hash se repite 6 en el archivo original y 33 en el archivo del evento., 6, hashes_inventario.txt
/usr/bin/honeybee-random, Mexico, 662700925186b5fcaaf028462d04e249e8c206516d0ba91cf7aa2408b57d807e, OK, S2-Intermedio y S2-Inicial, 662700925186b5fcaaf028462d04e249e8c206516d0ba91cf7aa2408b57d807e, OK, NO, 2023-04-20 17:13:56, ContainerFile, El conteo de hash no coincide. El hash se repite 144 en el archivo original y 252 en el archivo del evento., 144, hashes_inventario.txt
/var/lib/tivi-controller/prbintlpi02/shared/tivi-collector.json, Mexico, 23ecf4222ae36ed72b12dc452a6c8f568968e728e0c30e0b6666ad911bff9e20, OK, S2-Intermedio y S2-Inicial, 23ecf4222ae36ed72b12dc452a6c8f568968e728e0c30e0b6666ad911bff9e20, OK, NO, 2023-04-20 17:13:56, File, El conteo de hash no coincide. El hash se repite 2 en el archivo original y 10 en el archivo del evento., 2, hashes_inventario.txt
/var/lib/tivi-controller/openingacttest-bulletin/var/www/html/index.html, Mexico, 4d148be14bd018b60e1db1750efa6c611969d3cb0ab00fd907d055346cae82c0, OK, S2-Intermedio y S2-Inicial, 4d148be14bd018b60e1db1750efa6c611969d3cb0ab00fd907d055346cae82c0, OK, NO, 2023-04-20 17:13:56, File, El conteo de hash no coincide. El hash se repite 37 en el archivo original y 25 en el archivo del evento., 37, hashes_inventario.txt
/var/lib/tivi-controller/prbintlpi02/shared/tivi-voteapp.json, Mexico, cb939b11984530062820b593968c631716514c1950d6bc9c9ba35b7f1fbf4511, OK, S2-Intermedio y S2-Inicial, cb939b11984530062820b593968c631716514c1950d6bc9c9ba35b7f1fbf4511, OK, NO, 2023-04-20 17:13:56, File, El conteo de hash no coincide. El hash se repite 2 en el archivo original y 11 en el archivo del evento., 2, hashes_inventario.txt
/var/lib/tivi-controller/prbintlpi03-bulletin/shared/tivi-collector.json, Mexico, f16dc735fe438a4dbfdbcfb73bad9c4c0e65f46745599236bda3ffd3d01eee32, OK, S2-Intermedio y S2-Inicial, f16dc735fe438a4dbfdbcfb73bad9c4c0e65f46745599236bda3ffd3d01eee32, OK, NO, 2023-04-20 17:13:56, File, El conteo de hash no coincide. El hash se repite 2 en el archivo original y 5 en el archivo del evento., 2, hashes_inventario.txt
/usr/bin/honeybee-onekey-printer, Mexico, 1775b43d4a080137e0b65708ab61611da17bd991f51d1f10136196aa5b847107, OK, S2-Intermedio y S2-Inicial, 1775b43d4a080137e0b65708ab61611da17bd991f51d1f10136196aa5b847107, OK, NO, 2023-04-20 17:13:56, ContainerFile, El conteo de hash no coincide. El hash se repite 144 en el archivo original y 252 en el archivo del evento., 144, hashes_inventario.txt
/usr/bin/honeybee-decryption, Mexico, 7cce5a3149633558f7561ebf2d43471e630d308facd220571c4b3cef4a9aed51, OK, S2-Intermedio y S2-Inicial, 7cce5a3149633558f7561ebf2d43471e630d308facd220571c4b3cef4a9aed51, OK, NO, 2023-04-20 17:13:56, ContainerFile, El conteo de hash no coincide. El hash se repite 144 en el archivo original y 252 en el archivo del evento., 144, hashes_inventario.txt
/usr/bin/honeybee-pbb, Mexico, 2b38fe49973dd20052629a8ad2965449fa9219e99a2263f2340b146e2b081aa0, OK, S2-Intermedio y S2-Inicial, 2b38fe49973dd20052629a8ad2965449fa9219e99a2263f2340b146e2b081aa0, OK, NO, 2023-04-20 17:13:56, ContainerFile, El conteo de hash no coincide. El hash se repite 144 en el archivo original y 252 en el archivo del evento., 144, hashes_inventario.txt
/var/lib/tivi-controller/prbintlpi04/shared/tivi-collector.json, Mexico, 4efcfa8fe8fa8b4960b1a3a9b067d6c8ad70e6310f5bbda5e5474a89d1fc2e65, OK, S2-Intermedio y S2-Inicial, 4efcfa8fe8fa8b4960b1a3a9b067d6c8ad70e6310f5bbda5e5474a89d1fc2e65, OK, NO, 2023-04-20 17:13:56, File, El conteo de hash no coincide. El hash se repite 2 en el archivo original y 10 en el archivo del evento., 2, hashes_inventario.txt
/var/lib/tivi-controller/prbintlpi04/shared/copy_tivi-voteapp_2301c.html, Mexico, a0c046a9f2e141a5206939c28fd9dbda740414f4d67707825a5ac5ea9fdc8728, OK, S2-Intermedio y S2-Inicial, a0c046a9f2e141a5206939c28fd9dbda740414f4d67707825a5ac5ea9fdc8728, OK, NO, 2023-04-20 17:13:56, File, El conteo de hash no coincide. El hash se repite 6 en el archivo original y 30 en el archivo del evento., 6, hashes_inventario.txt
/usr/bin/honeybee-dispatch, Mexico, a629bb17a47d285056b0e91b489fb068d66cce34b35554d1bd0a9c35d8f96f53, OK, S2-Intermedio y S2-Inicial, a629bb17a47d285056b0e91b489fb068d66cce34b35554d1bd0a9c35d8f96f53, OK, NO, 2023-04-20 17:13:56, ContainerFile, El conteo de hash no coincide. El hash se repite 144 en el archivo original y 252 en el archivo del evento., 144, hashes_inventario.txt
/var/lib/tivi-controller/prbintlpi04/shared/tivi-voteapp.json, Mexico, f0f8da7329db0cb75bfac6e76ad5cf0c3ff1aef9bdc3aa49659d999575efe4fb, OK, S2-Intermedio y S2-Inicial, f0f8da7329db0cb75bfac6e76ad5cf0c3ff1aef9bdc3aa49659d999575efe4fb, OK, NO, 2023-04-20 17:13:56, File, El conteo de hash no coincide. El hash se repite 2 en el archivo original y 11 en el archivo del evento., 2, hashes_inventario.txt
/etc/haproxy/haproxy.cfg, Mexico, 82682183718cc0eb3734456a6415d6f17cf552a386ddc66e05acc23bdee6c484, OK, S2-Intermedio y S2-Inicial, 4515510b09dc43f3a8b2f68630f4bb1e091452cbc323dae216edc57ce460ec10, OK, NO, 2023-04-20 17:13:56, File, los hash no coinciden., 1, hashes_inventario.txt
/usr/bin/honeybee-keygen, Mexico, fa282d3afae72468d5484b45046fbd8d6418de95c53bd6dbd884721473056f38, OK, S2-Intermedio y S2-Inicial, fa282d3afae72468d5484b45046fbd8d6418de95c53bd6dbd884721473056f38, OK, NO, 2023-04-20 17:13:56, ContainerFile, El conteo de hash no coincide. El hash se repite 144 en el archivo original y 252 en el archivo del evento., 144, hashes_inventario.txt
/var/lib/tivi-controller/devtestremap2/shared/client-certificates.crt, Mexico, f0fe3e7a84bb9b4c74f302f28afe059352e83ce484fdf6b0f4343cdefdda891d, OK, S2-Intermedio y S2-Inicial, f0fe3e7a84bb9b4c74f302f28afe059352e83ce484fdf6b0f4343cdefdda891d, OK, NO, 2023-04-20 17:13:56, File, El conteo de hash no coincide. El hash se repite 351 en el archivo original y 447 en el archivo del evento., 351, hashes_inventario.txt
/var/lib/tivi-controller/prbintlpi01/shared/tivi-voteapp.json, Mexico, 64a4d4388d5617f6a4f971c86dfa6e60be0971bf5d491b79cec5af489a85f02f, OK, S2-Intermedio y S2-Inicial, 64a4d4388d5617f6a4f971c86dfa6e60be0971bf5d491b79cec5af489a85f02f, OK, NO, 2023-04-20 17:13:56, File, El conteo de hash no coincide. El hash se repite 2 en el archivo original y 11 en el archivo del evento., 2, hashes_inventario.txt
/var/lib/tivi-controller/openingacttest-bulletin/var/lib/hb/hlf/keystore/keystore/.gitkeep, Mexico, e3b0c44298fc1c149afbf4c8996fb92427ae41e4649b934ca495991b7852b855, OK, S2-Intermedio y S2-Inicial, e3b0c44298fc1c149afbf4c8996fb92427ae41e4649b934ca495991b7852b855, OK, NO, 2023-04-20 17:13:56, File, El conteo de hash no coincide. El hash se repite 783 en el archivo original y 799 en el archivo del evento., 783, hashes_inventario.txt
/var/lib/tivi-controller/prbintlpi04/var/lib/hb/47kyz9bopkme8ahv/storage/member/snap/db, Mexico, , OK, S2-Intermedio y S2-Inicial, 34d442c986d7d19350755757f89bddeefbc72ad533dc9cd57030184f3d331a80, OK, NO, 2023-04-20 17:13:56, File, No se encontró un hash similar en el archivo original., 1, hashes_inventario.txt
/var/lib/tivi-controller/prbintlpi02/var/lib/hb/1h4o6sqritttszbz/storage/member/snap/db, Mexico, , OK, S2-Intermedio y S2-Inicial, 4c328e379dfee95f12e307a6e0ba2a76b15e901e065c1e2e929d7704d5c59195, OK, NO, 2023-04-20 17:13:56, File, No se encontró un hash similar en el archivo original., 2, hashes_inventario.txt
/var/lib/tivi-controller/prbintlpi01/shared/1682027534-database.db, Mexico, , OK, S2-Intermedio y S2-Inicial, b1ec7871530232ac181d7617193f80d6b5193e3e4e472bea808fd4aa8cccb72d, OK, NO, 2023-04-20 17:13:56, Database, No se encontró un hash similar en el archivo original., 18, hashes_inventario.txt
/var/lib/tivi-controller/prbintlpi01/var/lib/hb/2oqvc41xv3z7hxts/storage/member/wal/0000000000000000-0000000000000000.wal, Mexico, , OK, S2-Intermedio y S2-Inicial, 219c53e9bd3eb471e818f7eaf3b937e0f1fe3396d4790b68da50a926b6376c22, OK, NO, 2023-04-20 17:13:56, File, No se encontró un hash similar en el archivo original., 1, hashes_inventario.txt
/var/lib/tivi-controller/prbintlpi01/var/lib/hb/2oqvc41xv3z7hxts/storage/member/wal/0000000000000000-0000000000000000.wal, Mexico, , OK, S2-Intermedio y S2-Inicial, 3655b7a2c3ac3945065bad2f410447bfbbf7b5d7981215efa8e8d1e8a179e0bf, OK, NO, 2023-04-20 17:13:56, File, No se encontró un hash similar en el archivo original., 1, hashes_inventario.txt
/var/lib/tivi-controller/prbintlpi01/var/lib/hb/2oqvc41xv3z7hxts/storage/member/snap/db, Mexico, , OK, S2-Intermedio y S2-Inicial, b2c29d94279a1a149ab0b777472f99c33f9bf614daa2aaf5de398c54e48b920d, OK, NO, 2023-04-20 17:13:56, File, No se encontró un hash similar en el archivo original., 1, hashes_inventario.txt
/var/lib/tivi-controller/prbintlpi01/shared/1682027534-database.db, Mexico, , OK, S2-Intermedio y S2-Inicial, 48ccc537f03838cb9eab968748d655bde183ac39ac931142c701fe054ac12644, OK, NO, 2023-04-20 17:13:56, Database, No se encontró un hash similar en el archivo original., 9, hashes_inventario.txt
/var/lib/tivi-controller/prbintlpi03/var/lib/hb/1swop8ybqkho8by8/storage/member/snap/db, Mexico, , OK, S2-Intermedio y S2-Inicial, 5332480f5f86334123e941f1a3f13b607b1e3be2b4c91063eaa88cd021de2935, OK, NO, 2023-04-20 17:13:56, File, No se encontró un hash similar en el archivo original., 1, hashes_inventario.txt
/var/lib/tivi-controller/prbintlpi04-bulletin/var/lib/hb/47kyz9bopkme8ahv/onekey-apbb-chainstore, Mexico, , OK, S2-Intermedio y S2-Inicial, d5d6143857c063413f09e8619b19c224a1714688780dae09dedc1337e0120182, OK, NO, 2023-04-20 17:13:56, File, No se encontró un hash similar en el archivo original., 1, hashes_inventario.txt
/var/lib/tivi-controller/prbintlpi04/shared/1682027576-database.db, Mexico, , OK, S2-Intermedio y S2-Inicial, ec65cf2d18d9eb6c06a5bbbf6e3cc065b6a3e522d75759c81b2e949df616699f, OK, NO, 2023-04-20 17:13:56, Database, No se encontró un hash similar en el archivo original., 27, hashes_inventario.txt
/var/lib/tivi-controller/prbintlpi01-bulletin/var/lib/hb/2oqvc41xv3z7hxts/pbb-signaturestore, Mexico, , OK, S2-Intermedio y S2-Inicial, 17470e3ce53ced474447414fdf0653b7e473f26473bb933b6d656a7a1f7b3dc4, OK, NO, 2023-04-20 17:13:56, File, No se encontró un hash similar en el archivo original., 1, hashes_inventario.txt
/var/lib/tivi-controller/prbintlpi01/var/lib/hb/2oqvc41xv3z7hxts/storage/member/snap/db, Mexico, , OK, S2-Intermedio y S2-Inicial, 4fd60461ab5db2e6f8adc404465ad6282f9d5b97b2185d7b786a666e31b86cc8, OK, NO, 2023-04-20 17:13:56, File, No se encontró un hash similar en el archivo original., 1, hashes_inventario.txt
/etc/haproxy/haproxy.cfg, Mexico, , OK, S2-Intermedio y S2-Inicial, 221e0c5e78ee37166f3783c46c1cfdf7c5eb13a61ec793f905cb26aa0c9ceb7e, OK, NO, 2023-04-20 17:13:56, File, No se encontró un hash similar en el archivo original., 1, hashes_inventario.txt
/var/lib/tivi-controller/prbintlpi03-bulletin/var/lib/hb/1swop8ybqkho8by8/onekey-apbb-signaturestore, Mexico, , OK, S2-Intermedio y S2-Inicial, 48268ad0546f3a428d2de268858ab991c71dec3f3bb81b252363f7a21e2cc4fe, OK, NO, 2023-04-20 17:13:56, File, No se encontró un hash similar en el archivo original., 1, hashes_inventario.txt
/var/lib/tivi-controller/prbintlpi03/var/lib/hb/1swop8ybqkho8by8/storage/member/wal/0000000000000000-0000000000000000.wal, Mexico, , OK, S2-Intermedio y S2-Inicial, 24835bd19a9f845606a607e3204ee5bd5cd592c583f5e65db855720326a9f786, OK, NO, 2023-04-20 17:13:56, File, No se encontró un hash similar en el archivo original., 1, hashes_inventario.txt
/var/lib/tivi-trustedparty/prbintlpi04/oidc/onekey-issued.json, Mexico, , OK, S2-Intermedio y S2-Inicial, 9367046ad605322edb7c9f4aa6ea3776ec329c011ad387ea6c7e545d6ae1aada, OK, NO, 2023-04-20 17:13:56, File, No se encontró un hash similar en el archivo original., 1, hashes_inventario.txt
/var/lib/tivi-controller/prbintlpi04-bulletin/var/lib/hb/47kyz9bopkme8ahv/onekey-apbb-signaturestore, Mexico, , OK, S2-Intermedio y S2-Inicial, a346cdc25f5aa57d99c26c6041eb43990dd277bc7d37d57a1b5affc10768a6c0, OK, NO, 2023-04-20 17:13:56, File, No se encontró un hash similar en el archivo original., 1, hashes_inventario.txt
/var/lib/tivi-controller/prbintlpi03-bulletin/var/lib/hb/1swop8ybqkho8by8/onekey-apbb-chainstore, Mexico, , OK, S2-Intermedio y S2-Inicial, cd487e151025d56008471a3b53e074fe808acae6334c5bcec0259ffa35877e8e, OK, NO, 2023-04-20 17:13:56, File, No se encontró un hash similar en el archivo original., 1, hashes_inventario.txt
/var/lib/tivi-controller/prbintlpi03/var/lib/hb/1swop8ybqkho8by8/storage/member/wal/0000000000000000-0000000000000000.wal, Mexico, , OK, S2-Intermedio y S2-Inicial, dff177e2911c330e8f0273ca50d97689b0157a895b71e36974558246ae31990c, OK, NO, 2023-04-20 17:13:56, File, No se encontró un hash similar en el archivo original., 1, hashes_inventario.txt
/var/lib/tivi-controller/prbintlpi03/shared/1682027563-database.db, Mexico, , OK, S2-Intermedio y S2-Inicial, 1b328af6c26ba12ae0e54357bbbecfee8747ac7970cb58d50708494d307b1490, OK, NO, 2023-04-20 17:13:56, Database, No se encontró un hash similar en el archivo original., 18, hashes_inventario.txt
/var/lib/tivi-controller/prbintlpi01-bulletin/var/lib/hb/2oqvc41xv3z7hxts/onekey-apbb-chainstore, Mexico, , OK, S2-Intermedio y S2-Inicial, cf534a69d3ae5763d63b6a2f46e35d35def20cbb3b80e723b919d73f7bc8692a, OK, NO, 2023-04-20 17:13:56, File, No se encontró un hash similar en el archivo original., 1, hashes_inventario.txt
/var/lib/tivi-controller/prbintlpi03-bulletin/var/lib/hb/1swop8ybqkho8by8/pbb-chainstore, Mexico, , OK, S2-Intermedio y S2-Inicial, bca1ef43ea984b83f87fb46e2dfcc62c0bc5496bd0da3c7b2c955e847f456445, OK, NO, 2023-04-20 17:13:56, File, No se encontró un hash similar en el archivo original., 1, hashes_inventario.txt
/etc/haproxy/haproxy.cfg, Mexico, , OK, S2-Intermedio y S2-Inicial, 07f68f0345bf9fd1b955a7529f91948cc8b230e1012cc1f396d1de69d7322b3e, OK, NO, 2023-04-20 17:13:56, File, No se encontró un hash similar en el archivo original., 1, hashes_inventario.txt
/var/lib/tivi-controller/prbintlpi02/var/lib/hb/1h4o6sqritttszbz/storage/member/wal/0000000000000000-0000000000000000.wal, Mexico, , OK, S2-Intermedio y S2-Inicial, 6117cb7a05602efe98b7a84386493fb0d42b48ef38d45f89fcec03f6e2cd38c2, OK, NO, 2023-04-20 17:13:56, File, No se encontró un hash similar en el archivo original., 1, hashes_inventario.txt
/var/lib/tivi-controller/prbintlpi01/var/lib/hb/2oqvc41xv3z7hxts/storage/member/wal/0000000000000000-0000000000000000.wal, Mexico, , OK, S2-Intermedio y S2-Inicial, 08998d3ea34cfb0d55a5025e0f2a003b0bfcc931b54d75e7872cc608e91fb96b, OK, NO, 2023-04-20 17:13:56, File, No se encontró un hash similar en el archivo original., 1, hashes_inventario.txt
/var/lib/tivi-controller/prbintlpi04/var/lib/hb/47kyz9bopkme8ahv/storage/member/wal/0000000000000000-0000000000000000.wal, Mexico, , OK, S2-Intermedio y S2-Inicial, ed3683b3d214cb88d9853d50fd5ff2ea893dd7221d6474abaa8a4f466a5af2c4, OK, NO, 2023-04-20 17:13:56, File, No se encontró un hash similar en el archivo original., 1, hashes_inventario.txt
/var/lib/tivi-controller/prbintlpi04-bulletin/var/lib/hb/47kyz9bopkme8ahv/pbb-signaturestore, Mexico, , OK, S2-Intermedio y S2-Inicial, 7582ab80fc21c8a2feddca61861adca570c397383078f4b361719ea929c18d88, OK, NO, 2023-04-20 17:13:56, File, No se encontró un hash similar en el archivo original., 1, hashes_inventario.txt
/var/lib/tivi-controller/prbintlpi01/var/lib/hb/2oqvc41xv3z7hxts/storage/member/snap/db, Mexico, , OK, S2-Intermedio y S2-Inicial, f4e46b3ecb5f376d5626690b9e1115532477ea4b3a3d23ec2e6eb9cad466c6c8, OK, NO, 2023-04-20 17:13:56, File, No se encontró un hash similar en el archivo original., 1, hashes_inventario.txt
/var/lib/tivi-controller/prbintlpi01-bulletin/var/lib/hb/2oqvc41xv3z7hxts/onekey-apbb-signaturestore, Mexico, , OK, S2-Intermedio y S2-Inicial, 1b2339c2e9ff27fe70f540ec8e578c575b0970390819ff160e03a1934c7fdae1, OK, NO, 2023-04-20 17:13:56, File, No se encontró un hash similar en el archivo original., 1, hashes_inventario.txt
/var/lib/tivi-controller/prbintlpi03-bulletin/var/lib/hb/1swop8ybqkho8by8/pbb-signaturestore, Mexico, , OK, S2-Intermedio y S2-Inicial, 4a9f0e2169c1cf893f654c11e0c27989ec4c95ddc6a09bfd86636f8959d51c9e, OK, NO, 2023-04-20 17:13:56, File, No se encontró un hash similar en el archivo original., 1, hashes_inventario.txt
/var/lib/tivi-trustedparty/prbintlpi01/oidc/onekey-issued.json, Mexico, , OK, S2-Intermedio y S2-Inicial, d0dac1f577bf97e21247ff1b3811a0abe481a6bfe31e3c9be1e4c53ca0cac384, OK, NO, 2023-04-20 17:13:56, File, No se encontró un hash similar en el archivo original., 1, hashes_inventario.txt
/var/lib/tivi-controller/prbintlpi04/var/lib/hb/47kyz9bopkme8ahv/storage/member/wal/0000000000000000-0000000000000000.wal, Mexico, , OK, S2-Intermedio y S2-Inicial, 7ad9924c42ccd7e97104031f538a69bdaf2fc09e7ab0164e3d8114af3fc5a6ae, OK, NO, 2023-04-20 17:13:56, File, No se encontró un hash similar en el archivo original., 1, hashes_inventario.txt
/var/lib/tivi-controller/prbintlpi02/var/lib/hb/1h4o6sqritttszbz/storage/member/snap/db, Mexico, , OK, S2-Intermedio y S2-Inicial, f314ce92d203fced8bcb2f99b57e594537253c2c4d1ff61877fe4d6a79c1e34e, OK, NO, 2023-04-20 17:13:56, File, No se encontró un hash similar en el archivo original., 1, hashes_inventario.txt
/var/lib/tivi-controller/prbintlpi03/shared/1682027563-database.db, Mexico, , OK, S2-Intermedio y S2-Inicial, 386814fa0f6d5d6189fba8cfafea2b7ff88a05b4d8d782af960266b9dbecaa6a, OK, NO, 2023-04-20 17:13:56, Database, No se encontró un hash similar en el archivo original., 9, hashes_inventario.txt
/var/lib/tivi-controller/prbintlpi02/var/lib/hb/1h4o6sqritttszbz/storage/member/wal/0000000000000000-0000000000000000.wal, Mexico, , OK, S2-Intermedio y S2-Inicial, 2a9f77cb32b0afd974c9d7da682417fd3dc9b23f8d74611fe1f81254390288ce, OK, NO, 2023-04-20 17:13:56, File, No se encontró un hash similar en el archivo original., 1, hashes_inventario.txt
/var/lib/tivi-controller/prbintlpi02/var/lib/hb/1h4o6sqritttszbz/storage/member/wal/0000000000000000-0000000000000000.wal, Mexico, , OK, S2-Intermedio y S2-Inicial, 48e42955f831c437b09bfeafe4b0723c207310621f5bcaa72100484b4d0b57e3, OK, NO, 2023-04-20 17:13:56, File, No se encontró un hash similar en el archivo original., 1, hashes_inventario.txt
/var/lib/tivi-controller/prbintlpi04-bulletin/var/lib/hb/47kyz9bopkme8ahv/pbb-chainstore, Mexico, , OK, S2-Intermedio y S2-Inicial, d840dbeb3a20937be41721f06ec57c80c8dc82cefb9586a1edac0e0980aa0757, OK, NO, 2023-04-20 17:13:56, File, No se encontró un hash similar en el archivo original., 1, hashes_inventario.txt
/var/lib/tivi-controller/prbintlpi03/var/lib/hb/1swop8ybqkho8by8/storage/member/wal/0000000000000000-0000000000000000.wal, Mexico, , OK, S2-Intermedio y S2-Inicial, 8430a11d01f398b0ec55c77368216acd034b10e4d9771446d31e89532df1395f, OK, NO, 2023-04-20 17:13:56, File, No se encontró un hash similar en el archivo original., 1, hashes_inventario.txt
/var/lib/tivi-controller/prbintlpi04/var/lib/hb/47kyz9bopkme8ahv/storage/member/snap/db, Mexico, , OK, S2-Intermedio y S2-Inicial, a7b2b8cde8213440cbf08e05cb80dbdf289cd38bb489777049b0d43823a5a2a3, OK, NO, 2023-04-20 17:13:56, File, No se encontró un hash similar en el archivo original., 2, hashes_inventario.txt
/var/lib/tivi-controller/prbintlpi03/var/lib/hb/1swop8ybqkho8by8/storage/member/snap/db, Mexico, , OK, S2-Intermedio y S2-Inicial, c3475e774755196c94656053d8684a49d725c0a07634422b6d92e3fd34261734, OK, NO, 2023-04-20 17:13:56, File, No se encontró un hash similar en el archivo original., 2, hashes_inventario.txt
/var/lib/tivi-controller/prbintlpi04/var/lib/hb/47kyz9bopkme8ahv/storage/member/wal/0000000000000000-0000000000000000.wal, Mexico, , OK, S2-Intermedio y S2-Inicial, bf2a6530cdfeeba8ec31056df3bde3e436438b0372032bdbe328115a35213f28, OK, NO, 2023-04-20 17:13:56, File, No se encontró un hash similar en el archivo original., 1, hashes_inventario.txt
/var/lib/tivi-trustedparty/prbintlpi03/oidc/onekey-issued.json, Mexico, , OK, S2-Intermedio y S2-Inicial, 8b3e1bcea7d3d689000e2381bbae88ff387c1373d9089accebdc6a133b49dfaf, OK, NO, 2023-04-20 17:13:56, File, No se encontró un hash similar en el archivo original., 1, hashes_inventario.txt
/var/lib/tivi-controller/prbintlpi01-bulletin/var/lib/hb/2oqvc41xv3z7hxts/pbb-chainstore, Mexico, , OK, S2-Intermedio y S2-Inicial, ecdc23d9bf420331dfa8cee069aa4a2594f4936eac57558da651f2ae65224e98, OK, NO, 2023-04-20 17:13:56, File, No se encontró un hash similar en el archivo original., 1, hashes_inventario.txt
KeyGenApp1680120413.zip, Mexico, af2f90f52fa48f4ce1a7375bda078fd0899508d7732b170b21130a22c134159c, OK, S2-Intermedio y S2-Inicial, af2f90f52fa48f4ce1a7375bda078fd0899508d7732b170b21130a22c134159c, OK, SI, 2023-04-20 17:13:56
mixer1680129882.tar, Mexico, bc7eace98266d8bdb16a4946f281cb00433efa33363aa4f84829d033d31477c9, OK, S2-Intermedio y S2-Inicial, bc7eace98266d8bdb16a4946f281cb00433efa33363aa4f84829d033d31477c9, OK, SI, 2023-04-20 17:13:56
oscryptomodule1_01.iso, Mexico, e1a69321d4e1845a69b5ad7ea6927adfa40cc3301bc6b6710f9806cf237e5bfb, OK, S2-Intermedio y S2-Inicial, e1a69321d4e1845a69b5ad7ea6927adfa40cc3301bc6b6710f9806cf237e5bfb, OK, SI, 2023-04-20 17:13:56
